Workbook

Sheet 除外曲
B2: 除外曲 455曲 | J2: 追加希望 | K2: =SUMPRODUCT(--F7:F461) -> 192
A3: 追加したい曲は「追加希望」列のチェックボックスをクリックしてください。
A4: 発売日は歌ネット掲載値。初出日とは異なる再発売日が使われている場合があります。
A6: 元順位 | B6: 曲名 | C6: アーティスト | D6: 掲載発売日 | E6: 除外理由 | F6: 追加希望 | G6: 追加時の段位 | H6: 曲ページ
A7: 6 | B7: キセキ | C7: GReeeeN | D7: 39596 | E7: 2010年より前 | F7: TRUE | G7: =ランキング1000曲!E12 -> 5級 | H7: =ランキング1000曲!G12 -> https://www.uta-net.com/song/65511/
A8: 15 | B8: 奏(かなで) | C8: スキマスイッチ | D8: 38056 | E8: 2010年より前 | F8: TRUE | G8: =ランキング1000曲!E21 -> 5級 | H8: =ランキング1000曲!G21 -> https://www.uta-net.com/song/18718/
A9: 18 | B9: 小さな恋のうた | C9: MONGOL800 | D9: 37150 | E9: 2010年より前 | F9: TRUE | G9: =ランキング1000曲!E24 -> 5級 | H9: =ランキング1000曲!G24 -> https://www.uta-net.com/song/48901/
A10: 30 | B10: HANABI | C10: Mr.Children | D10: 39694 | E10: 2010年より前 | F10: TRUE | G10: =ランキング1000曲!E36 -> 5級 | H10: =ランキング1000曲!G36 -> https://www.uta-net.com/song/70478/
A11: 34 | B11: 糸 | C11: 中島みゆき | D11: 37034 | E11: 2010年より前 | F11: TRUE | G11: =ランキング1000曲!E40 -> 5級 | H11: =ランキング1000曲!G40 -> https://www.uta-net.com/song/10225/
A12: 37 | B12: 3月9日 | C12: レミオロメン | D12: 38055 | E12: 2010年より前 | F12: TRUE | G12: =ランキング1000曲!E43 -> 5級 | H12: =ランキング1000曲!G43 -> https://www.uta-net.com/song/18874/
A13: 39 | B13: チェリー | C13: スピッツ | D13: 35165 | E13: 2010年より前 | F13: TRUE | G13: =ランキング1000曲!E45 -> 5級 | H13: =ランキング1000曲!G45 -> https://www.uta-net.com/song/9073/
A14: 52 | B14: サウダージ | C14: ポルノグラフィティ | D14: 36782 | E14: 2010年より前 | F14: TRUE | G14: =ランキング1000曲!E58 -> 5級 | H14: =ランキング1000曲!G58 -> https://www.uta-net.com/song/12513/
A15: 56 | B15: うれしいひなまつり | C15: 童謡・唱歌 | D15: 38987 | E15: 2010年より前 | F15: FALSE | G15: =ランキング1000曲!E62 -> 5級 | H15: =ランキング1000曲!G62 -> https://www.uta-net.com/song/13930/
A16: 62 | B16: 愛のかたまり | C16: DOMOTO | D16: 37209 | E16: 2010年より前 | F16: TRUE | G16: =ランキング1000曲!E68 -> 5級 | H16: =ランキング1000曲!G68 -> https://www.uta-net.com/song/15597/
A17: 63 | B17: YELL | C17: いきものがかり | D17: 40079 | E17: 2010年より前 | F17: TRUE | G17: =ランキング1000曲!E69 -> 5級 | H17: =ランキング1000曲!G69 -> https://www.uta-net.com/song/84214/
A18: 68 | B18: アンパンマンのマーチ | C18: ドリーミング | D18: 39072 | E18: 2010年より前 | F18: FALSE | G18: =ランキング1000曲!E74 -> 5級 | H18: =ランキング1000曲!G74 -> https://www.uta-net.com/song/7326/
A19: 69 | B19: 手紙 ～拝啓 十五の君へ～ | C19: アンジェラ・アキ | D19: 39708 | E19: 2010年より前 | F19: TRUE | G19: =ランキング1000曲!E75 -> 5級 | H19: =ランキング1000曲!G75 -> https://www.uta-net.com/song/70553/
A20: 71 | B20: ブルーバード | C20: いきものがかり | D20: 39638 | E20: 2010年より前 | F20: TRUE | G20: =ランキング1000曲!E77 -> 5級 | H20: =ランキング1000曲!G77 -> https://www.uta-net.com/song/66961/
A21: 76 | B21: 栄光の架橋 | C21: ゆず | D21: 38190 | E21: 2010年より前 | F21: TRUE | G21: =ランキング1000曲!E82 -> 5級 | H21: =ランキング1000曲!G82 -> https://www.uta-net.com/song/19425/
A22: 78 | B22: さくら(独唱) | C22: 森山直太朗 | D22: 37531 | E22: 2010年より前 | F22: TRUE | G22: =ランキング1000曲!E84 -> 5級 | H22: =ランキング1000曲!G84 -> https://www.uta-net.com/song/17129/
A23: 80 | B23: 遥か | C23: GReeeeN | D23: 39960 | E23: 2010年より前 | F23: TRUE | G23: =ランキング1000曲!E86 -> 5級 | H23: =ランキング1000曲!G86 -> https://www.uta-net.com/song/80054/
A24: 83 | B24: Love so sweet | C24: 嵐 | D24: 39134 | E24: 2010年より前 | F24: TRUE | G24: =ランキング1000曲!E89 -> 5級 | H24: =ランキング1000曲!G89 -> https://www.uta-net.com/song/51913/
A25: 84 | B25: me me she | C25: RADWIMPS | D25: 39057 | E25: 2010年より前 | F25: TRUE | G25: =ランキング1000曲!E90 -> 5級 | H25: =ランキング1000曲!G90 -> https://www.uta-net.com/song/49383/
A26: 89 | B26: 愛唄 | C26: GReeeeN | D26: 39218 | E26: 2010年より前 | F26: TRUE | G26: =ランキング1000曲!E95 -> 5級 | H26: =ランキング1000曲!G95 -> https://www.uta-net.com/song/53277/
A27: 91 | B27: 道 | C27: EXILE | D27: 39127 | E27: 2010年より前 | F27: TRUE | G27: =ランキング1000曲!E97 -> 5級 | H27: =ランキング1000曲!G97 -> https://www.uta-net.com/song/51644/
A28: 92 | B28: One Love | C28: 嵐 | D28: 39624 | E28: 2010年より前 | F28: TRUE | G28: =ランキング1000曲!E98 -> 5級 | H28: =ランキング1000曲!G98 -> https://www.uta-net.com/song/67818/
A29: 93 | B29: A・RA・SHI | C29: 嵐 | D29: 36467 | E29: 2010年より前 | F29: TRUE | G29: =ランキング1000曲!E99 -> 5級 | H29: =ランキング1000曲!G99 -> https://www.uta-net.com/song/12167/
A30: 95 | B30: 三日月 | C30: 絢香 | D30: 38987 | E30: 2010年より前 | F30: TRUE | G30: =ランキング1000曲!E101 -> 5級 | H30: =ランキング1000曲!G101 -> https://www.uta-net.com/song/45078/
A31: 98 | B31: NAO | C31: HY | D31: 38819 | E31: 2010年より前 | F31: FALSE | G31: =ランキング1000曲!E104 -> 5級 | H31: =ランキング1000曲!G104 -> https://www.uta-net.com/song/40362/
A32: 100 | B32: Story | C32: AI | D32: 38490 | E32: 2010年より前 | F32: TRUE | G32: =ランキング1000曲!E106 -> 5級 | H32: =ランキング1000曲!G106 -> https://www.uta-net.com/song/25996/
A33: 102 | B33: 愛をこめて花束を | C33: Superfly | D33: 39505 | E33: 2010年より前 | F33: TRUE | G33: =ランキング1000曲!E108 -> 4級 | H33: =ランキング1000曲!G108 -> https://www.uta-net.com/song/60335/
A34: 105 | B34: 木綿のハンカチーフ | C34: 太田裕美 | D34: 34243 | E34: 2010年より前 | F34: TRUE | G34: =ランキング1000曲!E111 -> 4級 | H34: =ランキング1000曲!G111 -> https://www.uta-net.com/song/4548/
A35: 106 | B35: 全力少年 | C35: スキマスイッチ | D35: 38462 | E35: 2010年より前 | F35: TRUE | G35: =ランキング1000曲!E112 -> 4級 | H35: =ランキング1000曲!G112 -> https://www.uta-net.com/song/25879/
A36: 113 | B36: COSMOS | C36: 合唱 | D36: 38337 | E36: 2010年より前 | F36: FALSE | G36: =ランキング1000曲!E119 -> 4級 | H36: =ランキング1000曲!G119 -> https://www.uta-net.com/song/117619/
A37: 114 | B37: 未来予想図II | C37: DREAMS COME TRUE | D37: 32834 | E37: 2010年より前 | F37: TRUE | G37: =ランキング1000曲!E120 -> 4級 | H37: =ランキング1000曲!G120 -> https://www.uta-net.com/song/4388/
A38: 119 | B38: ふたりごと | C38: RADWIMPS | D38: 38854 | E38: 2010年より前 | F38: FALSE | G38: =ランキング1000曲!E125 -> 4級 | H38: =ランキング1000曲!G125 -> https://www.uta-net.com/song/42155/
A39: 122 | B39: 天体観測 | C39: BUMP OF CHICKEN | D39: 36964 | E39: 2010年より前 | F39: TRUE | G39: =ランキング1000曲!E128 -> 4級 | H39: =ランキング1000曲!G128 -> https://www.uta-net.com/song/12840/
A40: 125 | B40: 赤い糸 | C40: コブクロ | D40: 39750 | E40: 2010年より前 | F40: FALSE | G40: =ランキング1000曲!E131 -> 4級 | H40: =ランキング1000曲!G131 -> https://www.uta-net.com/song/58228/
A41: 127 | B41: Butterfly | C41: 木村カエラ | D41: 39988 | E41: 2010年より前 | F41: TRUE | G41: =ランキング1000曲!E133 -> 4級 | H41: =ランキング1000曲!G133 -> https://www.uta-net.com/song/80300/
A42: 133 | B42: 旅立ちの日に | C42: 合唱 | D42: 38483 | E42: 2010年より前 | F42: FALSE | G42: =ランキング1000曲!E139 -> 4級 | H42: =ランキング1000曲!G139 -> https://www.uta-net.com/song/159065/
A43: 138 | B43: 春夏秋冬 | C43: Hilcrhyme | D43: 40086 | E43: 2010年より前 | F43: FALSE | G43: =ランキング1000曲!E144 -> 4級 | H43: =ランキング1000曲!G144 -> https://www.uta-net.com/song/83580/
A44: 139 | B44: やさしさで溢れるように | C44: JUJU | D44: 39855 | E44: 2010年より前 | F44: TRUE | G44: =ランキング1000曲!E145 -> 4級 | H44: =ランキング1000曲!G145 -> https://www.uta-net.com/song/75505/
A45: 141 | B45: 最後の雨 | C45: 中西保志 | D45: 33826 | E45: 2010年より前 | F45: FALSE | G45: =ランキング1000曲!E147 -> 4級 | H45: =ランキング1000曲!G147 -> https://www.uta-net.com/song/2013/
A46: 144 | B46: First Love | C46: 宇多田ヒカル | D46: 36229 | E46: 2010年より前 | F46: TRUE | G46: =ランキング1000曲!E150 -> 4級 | H46: =ランキング1000曲!G150 -> https://www.uta-net.com/song/11567/
A47: 147 | B47: アゲハ蝶 | C47: ポルノグラフィティ | D47: 38196 | E47: 2010年より前 | F47: TRUE | G47: =ランキング1000曲!E153 -> 4級 | H47: =ランキング1000曲!G153 -> https://www.uta-net.com/song/13435/
A48: 153 | B48: カブトムシ | C48: aiko | D48: 36481 | E48: 2010年より前 | F48: TRUE | G48: =ランキング1000曲!E159 -> 4級 | H48: =ランキング1000曲!G159 -> https://www.uta-net.com/song/12170/
A49: 159 | B49: 真夏の果実 | C49: サザンオールスターズ | D49: 33079 | E49: 2010年より前 | F49: TRUE | G49: =ランキング1000曲!E165 -> 4級 | H49: =ランキング1000曲!G165 -> https://www.uta-net.com/song/4273/
A50: 160 | B50: 有心論 | C50: RADWIMPS | D50: 38924 | E50: 2010年より前 | F50: TRUE | G50: =ランキング1000曲!E166 -> 4級 | H50: =ランキング1000曲!G166 -> https://www.uta-net.com/song/44289/
A51: 162 | B51: Best Friend | C51: Kiroro | D51: 37048 | E51: 2010年より前 | F51: TRUE | G51: =ランキング1000曲!E168 -> 4級 | H51: =ランキング1000曲!G168 -> https://www.uta-net.com/song/13241/
A52: 163 | B52: Happiness | C52: 嵐 | D52: 39330 | E52: 2010年より前 | F52: TRUE | G52: =ランキング1000曲!E169 -> 4級 | H52: =ランキング1000曲!G169 -> https://www.uta-net.com/song/56474/
A53: 172 | B53: Butter-Fly | C53: 和田光司 | D53: 36425 | E53: 2010年より前 | F53: FALSE | G53: =ランキング1000曲!E178 -> 4級 | H53: =ランキング1000曲!G178 -> https://www.uta-net.com/song/51083/
A54: 176 | B54: ふるさと | C54: 童謡・唱歌 | D54: 38981 | E54: 2010年より前 | F54: FALSE | G54: =ランキング1000曲!E182 -> 4級 | H54: =ランキング1000曲!G182 -> https://www.uta-net.com/song/13892/
A55: 181 | B55: 森のくまさん | C55: 童謡・唱歌 | D55: 33508 | E55: 2010年より前 | F55: FALSE | G55: =ランキング1000曲!E187 -> 4級 | H55: =ランキング1000曲!G187 -> https://www.uta-net.com/song/13899/
A56: 183 | B56: ハナミズキ | C56: 一青窈 | D56: 38028 | E56: 2010年より前 | F56: TRUE | G56: =ランキング1000曲!E189 -> 4級 | H56: =ランキング1000曲!G189 -> https://www.uta-net.com/song/18574/
A57: 186 | B57: 花 | C57: ORANGE RANGE | D57: 38280 | E57: 2010年より前 | F57: TRUE | G57: =ランキング1000曲!E192 -> 4級 | H57: =ランキング1000曲!G192 -> https://www.uta-net.com/song/20742/
A58: 190 | B58: やさしいキスをして | C58: DREAMS COME TRUE | D58: 38035 | E58: 2010年より前 | F58: TRUE | G58: =ランキング1000曲!E196 -> 4級 | H58: =ランキング1000曲!G196 -> https://www.uta-net.com/song/18650/
A59: 192 | B59: ロビンソン | C59: スピッツ | D59: 34794 | E59: 2010年より前 | F59: TRUE | G59: =ランキング1000曲!E198 -> 4級 | H59: =ランキング1000曲!G198 -> https://www.uta-net.com/song/8487/
A60: 194 | B60: 恋におちて-Fall in Love- | C60: 小林明子 | D60: 34479 | E60: 2010年より前 | F60: FALSE | G60: =ランキング1000曲!E200 -> 4級 | H60: =ランキング1000曲!G200 -> https://www.uta-net.com/song/1813/
A61: 198 | B61: 涙そうそう | C61: 夏川りみ | D61: 36973 | E61: 2010年より前 | F61: TRUE | G61: =ランキング1000曲!E204 -> 4級 | H61: =ランキング1000曲!G204 -> https://www.uta-net.com/song/51752/
A62: 200 | B62: 虹 | C62: 二宮和也(嵐) | D62: 39274 | E62: 2010年より前 | F62: FALSE | G62: =ランキング1000曲!E206 -> 4級 | H62: =ランキング1000曲!G206 -> https://www.uta-net.com/song/55449/
A63: 202 | B63: 純恋歌 | C63: 湘南乃風 | D63: 38784 | E63: 2010年より前 | F63: TRUE | G63: =ランキング1000曲!E208 -> 3級 | H63: =ランキング1000曲!G208 -> https://www.uta-net.com/song/37486/
A64: 205 | B64: 睡蓮花 | C64: 湘南乃風 | D64: 39239 | E64: 2010年より前 | F64: TRUE | G64: =ランキング1000曲!E211 -> 3級 | H64: =ランキング1000曲!G211 -> https://www.uta-net.com/song/54320/
A65: 206 | B65: Believe | C65: 童謡・唱歌 | D65: 38833 | E65: 2010年より前 | F65: FALSE | G65: =ランキング1000曲!E212 -> 3級 | H65: =ランキング1000曲!G212 -> https://www.uta-net.com/song/41660/
A66: 207 | B66: 紅葉(もみじ) | C66: 童謡・唱歌 | D66: 39302 | E66: 2010年より前 | F66: FALSE | G66: =ランキング1000曲!E213 -> 3級 | H66: =ランキング1000曲!G213 -> https://www.uta-net.com/song/57208/
A67: 208 | B67: 赤いスイートピー | C67: 松田聖子 | D67: 33161 | E67: 2010年より前 | F67: TRUE | G67: =ランキング1000曲!E214 -> 3級 | H67: =ランキング1000曲!G214 -> https://www.uta-net.com/song/188/
A68: 210 | B68: キミがいれば | C68: 伊織 | D68: 35543 | E68: 2010年より前 | F68: FALSE | G68: =ランキング1000曲!E216 -> 3級 | H68: =ランキング1000曲!G216 -> https://www.uta-net.com/song/34909/
A69: 211 | B69: 雪の華 | C69: 中島美嘉 | D69: 38159 | E69: 2010年より前 | F69: TRUE | G69: =ランキング1000曲!E217 -> 3級 | H69: =ランキング1000曲!G217 -> https://www.uta-net.com/song/17920/
A70: 214 | B70: たなばたさま | C70: 童謡・唱歌 | D70: 38987 | E70: 2010年より前 | F70: FALSE | G70: =ランキング1000曲!E220 -> 3級 | H70: =ランキング1000曲!G220 -> https://www.uta-net.com/song/13979/
A71: 217 | B71: 天城越え | C71: 石川さゆり | D71: 34675 | E71: 2010年より前 | F71: TRUE | G71: =ランキング1000曲!E223 -> 3級 | H71: =ランキング1000曲!G223 -> https://www.uta-net.com/song/352/
A72: 218 | B72: 貴方の恋人になりたいのです | C72: 阿部真央 | D72: 40030 | E72: 2010年より前 | F72: FALSE | G72: =ランキング1000曲!E224 -> 3級 | H72: =ランキング1000曲!G224 -> https://www.uta-net.com/song/81656/
A73: 219 | B73: おジャ魔女カーニバル!! | C73: MAHO堂 | D73: 38282 | E73: 2010年より前 | F73: TRUE | G73: =ランキング1000曲!E225 -> 3級 | H73: =ランキング1000曲!G225 -> https://www.uta-net.com/song/14341/
A74: 220 | B74: シングルベッド | C74: シャ乱Q | D74: 34628 | E74: 2010年より前 | F74: TRUE | G74: =ランキング1000曲!E226 -> 3級 | H74: =ランキング1000曲!G226 -> https://www.uta-net.com/song/8097/
A75: 221 | B75: 粉雪 | C75: レミオロメン | D75: 38672 | E75: 2010年より前 | F75: TRUE | G75: =ランキング1000曲!E227 -> 3級 | H75: =ランキング1000曲!G227 -> https://www.uta-net.com/song/35601/
A76: 223 | B76: 津軽海峡・冬景色 | C76: 石川さゆり | D76: 34675 | E76: 2010年より前 | F76: TRUE | G76: =ランキング1000曲!E229 -> 3級 | H76: =ランキング1000曲!G229 -> https://www.uta-net.com/song/3088/
A77: 224 | B77: 虹 | C77: Aqua Timez | D77: 39576 | E77: 2010年より前 | F77: TRUE | G77: =ランキング1000曲!E230 -> 3級 | H77: =ランキング1000曲!G230 -> https://www.uta-net.com/song/64412/
A78: 226 | B78: 空も飛べるはず | C78: スピッツ | D78: 34449 | E78: 2010年より前 | F78: TRUE | G78: =ランキング1000曲!E232 -> 3級 | H78: =ランキング1000曲!G232 -> https://www.uta-net.com/song/5344/
A79: 227 | B79: ultra soul | C79: B'z | D79: 36964 | E79: 2010年より前 | F79: TRUE | G79: =ランキング1000曲!E233 -> 3級 | H79: =ランキング1000曲!G233 -> https://www.uta-net.com/song/12846/
A80: 230 | B80: 時代 | C80: 中島みゆき | D80: 32437 | E80: 2010年より前 | F80: TRUE | G80: =ランキング1000曲!E236 -> 3級 | H80: =ランキング1000曲!G236 -> https://www.uta-net.com/song/2416/
A81: 231 | B81: しるし | C81: Mr.Children | D81: 39036 | E81: 2010年より前 | F81: TRUE | G81: =ランキング1000曲!E237 -> 3級 | H81: =ランキング1000曲!G237 -> https://www.uta-net.com/song/47751/
A82: 233 | B82: こいのぼり | C82: 童謡・唱歌 | D82: 38987 | E82: 2010年より前 | F82: FALSE | G82: =ランキング1000曲!E239 -> 3級 | H82: =ランキング1000曲!G239 -> https://www.uta-net.com/song/46404/
A83: 235 | B83: 終わりなき旅 | C83: Mr.Children | D83: 36089 | E83: 2010年より前 | F83: TRUE | G83: =ランキング1000曲!E241 -> 3級 | H83: =ランキング1000曲!G241 -> https://www.uta-net.com/song/10568/
A84: 237 | B84: 世界に一つだけの花 | C84: SMAP | D84: 37461 | E84: 2010年より前 | F84: TRUE | G84: =ランキング1000曲!E243 -> 3級 | H84: =ランキング1000曲!G243 -> https://www.uta-net.com/song/15894/
A85: 243 | B85: 創聖のアクエリオン | C85: AKINO | D85: 38469 | E85: 2010年より前 | F85: TRUE | G85: =ランキング1000曲!E249 -> 3級 | H85: =ランキング1000曲!G249 -> https://www.uta-net.com/song/50850/
A86: 244 | B86: 手のひらを太陽に | C86: 童謡・唱歌 | D86: 38980 | E86: 2010年より前 | F86: FALSE | G86: =ランキング1000曲!E250 -> 3級 | H86: =ランキング1000曲!G250 -> https://www.uta-net.com/song/46445/
A87: 245 | B87: Still... | C87: 嵐 | D87: 39330 | E87: 2010年より前 | F87: FALSE | G87: =ランキング1000曲!E251 -> 3級 | H87: =ランキング1000曲!G251 -> https://www.uta-net.com/song/56547/
A88: 246 | B88: 愛のうた | C88: ストロベリー・フラワー | D88: 37231 | E88: 2010年より前 | F88: FALSE | G88: =ランキング1000曲!E252 -> 3級 | H88: =ランキング1000曲!G252 -> https://www.uta-net.com/song/15002/
A89: 248 | B89: あわてんぼうのサンタクロース | C89: クリスマスソング | D89: 38770 | E89: 2010年より前 | F89: FALSE | G89: =ランキング1000曲!E254 -> 3級 | H89: =ランキング1000曲!G254 -> https://www.uta-net.com/song/13961/
A90: 250 | B90: TSUNAMI | C90: サザンオールスターズ | D90: 36551 | E90: 2010年より前 | F90: TRUE | G90: =ランキング1000曲!E256 -> 3級 | H90: =ランキング1000曲!G256 -> https://www.uta-net.com/song/12255/
A91: 251 | B91: 負けないで | C91: ZARD | D91: 33996 | E91: 2010年より前 | F91: TRUE | G91: =ランキング1000曲!E257 -> 3級 | H91: =ランキング1000曲!G257 -> https://www.uta-net.com/song/4238/
A92: 255 | B92: 丸の内サディスティック | C92: 椎名林檎 | D92: 36215 | E92: 2010年より前 | F92: TRUE | G92: =ランキング1000曲!E261 -> 3級 | H92: =ランキング1000曲!G261 -> https://www.uta-net.com/song/12950/
A93: 257 | B93: もっと… | C93: 西野カナ | D93: 40107 | E93: 2010年より前 | F93: FALSE | G93: =ランキング1000曲!E263 -> 3級 | H93: =ランキング1000曲!G263 -> https://www.uta-net.com/song/84825/
A94: 258 | B94: さくら | C94: ケツメイシ | D94: 38399 | E94: 2010年より前 | F94: TRUE | G94: =ランキング1000曲!E264 -> 3級 | H94: =ランキング1000曲!G264 -> https://www.uta-net.com/song/25395/
A95: 261 | B95: なごり雪 | C95: イルカ | D95: 33745 | E95: 2010年より前 | F95: TRUE | G95: =ランキング1000曲!E267 -> 3級 | H95: =ランキング1000曲!G267 -> https://www.uta-net.com/song/3382/
A96: 266 | B96: 人生の扉 | C96: 竹内まりや | D96: 39225 | E96: 2010年より前 | F96: FALSE | G96: =ランキング1000曲!E272 -> 3級 | H96: =ランキング1000曲!G272 -> https://www.uta-net.com/song/53041/
A97: 267 | B97: 花 | C97: 童謡・唱歌 | D97: 37518 | E97: 2010年より前 | F97: FALSE | G97: =ランキング1000曲!E273 -> 3級 | H97: =ランキング1000曲!G273 -> https://www.uta-net.com/song/5953/
A98: 271 | B98: いいんですか？ | C98: RADWIMPS | D98: 39057 | E98: 2010年より前 | F98: FALSE | G98: =ランキング1000曲!E277 -> 3級 | H98: =ランキング1000曲!G277 -> https://www.uta-net.com/song/49385/
A99: 272 | B99: Dear… | C99: 西野カナ | D99: 40149 | E99: 2010年より前 | F99: FALSE | G99: =ランキング1000曲!E278 -> 3級 | H99: =ランキング1000曲!G278 -> https://www.uta-net.com/song/86831/
A100: 273 | B100: 明日晴れるかな | C100: 桑田佳祐 | D100: 39218 | E100: 2010年より前 | F100: FALSE | G100: =ランキング1000曲!E279 -> 3級 | H100: =ランキング1000曲!G279 -> https://www.uta-net.com/song/53770/
A101: 274 | B101: Sign | C101: Mr.Children | D101: 38133 | E101: 2010年より前 | F101: FALSE | G101: =ランキング1000曲!E280 -> 3級 | H101: =ランキング1000曲!G280 -> https://www.uta-net.com/song/19112/
A102: 277 | B102: クリスマス・イブ | C102: 山下達郎 | D102: 36852 | E102: 2010年より前 | F102: TRUE | G102: =ランキング1000曲!E283 -> 3級 | H102: =ランキング1000曲!G283 -> https://www.uta-net.com/song/1705/
...

Sheet ランキング1000曲
B2: 歌ネット 歴代人気順1〜1000位 | J2: 対象曲 | K2: 1000
B3: 出典：https://www.uta-net.com/ranking/total/?sort=pop-d | J3: 採用候補 | K3: =COUNTIFS(F7:F1006,"採用候補") -> 545
B4: 取得日：2026/10/13。2010年以降を採用候補。段位は元順位100位ごとの仮配分。 | J4: 除外 | K4: =COUNTIFS(F7:F1006,"除外") -> 455
A6: 元順位 | B6: 曲名 | C6: アーティスト | D6: 掲載発売日 | E6: 段位候補 | F6: 日付による選定 | G6: 曲ページ | H6: 歌詞表示回数
A7: 1 | B7: クリスマスソング | C7: back number | D7: 42326 | E7: =CHOOSE(INT((A7-1)/100)+1,"5級","4級","3級","2級","1級","初段","二段","三段","四段","五段") -> 5級 | F7: =IF(D7>=DATE(2010,1,1),"採用候補","除外") -> 採用候補 | G7: https://www.uta-net.com/song/195484/ | H7: 13793181
A8: 2 | B8: Lemon | C8: 米津玄師 | D8: 43173 | E8: =CHOOSE(INT((A8-1)/100)+1,"5級","4級","3級","2級","1級","初段","二段","三段","四段","五段") -> 5級 | F8: =IF(D8>=DATE(2010,1,1),"採用候補","除外") -> 採用候補 | G8: https://www.uta-net.com/song/244127/ | H8: 13479322
A9: 3 | B9: Bling-Bang-Bang-Born | C9: Creepy Nuts | D9: 45298 | E9: =CHOOSE(INT((A9-1)/100)+1,"5級","4級","3級","2級","1級","初段","二段","三段","四段","五段") -> 5級 | F9: =IF(D9>=DATE(2010,1,1),"採用候補","除外") -> 採用候補 | G9: https://www.uta-net.com/song/348673/ | H9: 9317438
A10: 4 | B10: 花束 | C10: back number | D10: 40716 | E10: =CHOOSE(INT((A10-1)/100)+1,"5級","4級","3級","2級","1級","初段","二段","三段","四段","五段") -> 5級 | F10: =IF(D10>=DATE(2010,1,1),"採用候補","除外") -> 採用候補 | G10: https://www.uta-net.com/song/113824/ | H10: 8240970
A11: 5 | B11: 366日 | C11: HY | D11: 43334 | E11: =CHOOSE(INT((A11-1)/100)+1,"5級","4級","3級","2級","1級","初段","二段","三段","四段","五段") -> 5級 | F11: =IF(D11>=DATE(2010,1,1),"採用候補","除外") -> 採用候補 | G11: https://www.uta-net.com/song/64011/ | H11: 8159653
A12: 6 | B12: キセキ | C12: GReeeeN | D12: 39596 | E12: =CHOOSE(INT((A12-1)/100)+1,"5級","4級","3級","2級","1級","初段","二段","三段","四段","五段") -> 5級 | F12: =IF(D12>=DATE(2010,1,1),"採用候補","除外") -> 除外 | G12: https://www.uta-net.com/song/65511/ | H12: 7942013
A13: 7 | B13: Pretender | C13: Official髭男dism | D13: 43600 | E13: =CHOOSE(INT((A13-1)/100)+1,"5級","4級","3級","2級","1級","初段","二段","三段","四段","五段") -> 5級 | F13: =IF(D13>=DATE(2010,1,1),"採用候補","除外") -> 採用候補 | G13: https://www.uta-net.com/song/266648/ | H13: 7537932
A14: 8 | B14: 前前前世 (movie ver.) | C14: RADWIMPS | D14: 42606 | E14: =CHOOSE(INT((A14-1)/100)+1,"5級","4級","3級","2級","1級","初段","二段","三段","四段","五段") -> 5級 | F14: =IF(D14>=DATE(2010,1,1),"採用候補","除外") -> 採用候補 | G14: https://www.uta-net.com/song/211495/ | H14: 7291419
A15: 9 | B15: RPG | C15: SEKAI NO OWARI | D15: 41395 | E15: =CHOOSE(INT((A15-1)/100)+1,"5級","4級","3級","2級","1級","初段","二段","三段","四段","五段") -> 5級 | F15: =IF(D15>=DATE(2010,1,1),"採用候補","除外") -> 採用候補 | G15: https://www.uta-net.com/song/145480/ | H15: 6354753
A16: 10 | B16: LOSER | C16: 米津玄師 | D16: 42641 | E16: =CHOOSE(INT((A16-1)/100)+1,"5級","4級","3級","2級","1級","初段","二段","三段","四段","五段") -> 5級 | F16: =IF(D16>=DATE(2010,1,1),"採用候補","除外") -> 採用候補 | G16: https://www.uta-net.com/song/215594/ | H16: 6149984
A17: 11 | B17: ハッピーエンド | C17: back number | D17: 42690 | E17: =CHOOSE(INT((A17-1)/100)+1,"5級","4級","3級","2級","1級","初段","二段","三段","四段","五段") -> 5級 | F17: =IF(D17>=DATE(2010,1,1),"採用候補","除外") -> 採用候補 | G17: https://www.uta-net.com/song/216847/ | H17: 6107928
A18: 12 | B18: 紅蓮華 | C18: LiSA | D18: 43649 | E18: =CHOOSE(INT((A18-1)/100)+1,"5級","4級","3級","2級","1級","初段","二段","三段","四段","五段") -> 5級 | F18: =IF(D18>=DATE(2010,1,1),"採用候補","除外") -> 採用候補 | G18: https://www.uta-net.com/song/270036/ | H18: 5802439
... A1006: 1000 | B1006: Who... | C1006: 浜崎あゆみ | D1006: 36474 | E1006: =CHOOSE(INT((A1006-1)/100)+1,"5級","4級","3級","2級","1級","初段","二段","三段","四段","五段") -> 五段 | F1006: =IF(D1006>=DATE(2010,1,1),"採用候補","除外") -> 除外 | G1006: https://www.uta-net.com/song/12836/ | H1006: 845137
